Azimuth,Altitude,sfds,mag_V
  0,   2, 2.67862407e-07,  21.8198 
  25,   4, 2.78643486e-07,  21.7770 
  60,   17, 2.92806595e-07,  21.7232 
  100,   26, 3.14872142e-07,  21.6443 
  150,   32, 3.37799286e-07,  21.5680 
  200,   47, 3.63480022e-07,  21.4884 
  250,  58, 3.74855319e-07,  21.4550 
  300,   64, 3.98752441e-07,  21.3879 
  310,   70, 4.09869373e-07,  21.3580 
  320,   79, 4.31157791e-07,  21.3030 
  330,   83, 4.48896832e-07,  21.2593 
  356,   90, 4.72644630e-07,  21.2033 
